,A,B,C,D
2000-01-01,-1.261350773287868,0.07509364527101518,-0.04939811665581052,-0.39633719984773386
2000-01-02,-0.13640644627541332,-1.4731764442258304,-1.571157405475561,-2.103522902396774
2000-01-03,0.4925237280744541,-2.769168897237704,0.4796859286443076,-2.054275808245526
2000-01-04,1.3876047566900738,-3.2001859248428297,-0.2851845912199167,-2.4450504452656823
2000-01-05,2.260254455855943,-3.358187053644924,-2.2051042879671483,-2.095540191990095
2000-01-06,3.169983484655551,-4.650395550370579,-0.4607203525968937,-1.7978822632538267
2000-01-07,2.990819327100169,-5.099133114838224,0.11596175596739056,-3.076456217191089
2000-01-08,2.4067000307261255,-6.151843642803857,2.032234253367814,-2.557443358021739
2000-01-09,4.2845265581992855,-5.242022491097181,2.1005422285687,-4.505324989034907
2000-01-10,6.104780722163435,-4.824714008418152,3.8532067516299384,-2.782832612738006
2000-01-11,6.314150299046668,-5.866239695559512,4.103769396899625,-3.7563547763503253
2000-01-12,6.976187375402823,-5.761754772966692,4.526521368359994,-5.047870339955016
2000-01-13,6.987346200066299,-6.0441161899027,6.9567597791615725,-6.238182163658706
2000-01-14,6.994608524917441,-5.951510018493714,7.923919601948791,-7.1936086675880375
2000-01-15,7.958230264037311,-5.957738922632848,8.144770116379329,-4.540313869424187
2000-01-16,7.90261420634052,-5.328316827004379,8.022561420891005,-5.058027535031938
2000-01-17,7.356355382303435,-3.383619273609823,9.019629641433676,-4.730935597793231
2000-01-18,4.930302143304759,-3.945059224018179,9.656078038421372,-6.973183312698088
2000-01-19,6.029501144184847,-6.50948387289527,8.621346455224723,-7.378543692318613
2000-01-20,5.523691432064477,-8.702140759067898,7.994956665784392,-7.5572456433836
2000-01-21,6.066270688497981,-9.60135755725113,6.997327482017947,-8.170707459026207
2000-01-22,5.804147014720071,-8.985877479574544,5.449637536585576,-9.101939750809883
2000-01-23,4.840810395218705,-8.726921228792367,6.321904011936459,-8.076886655812864
2000-01-24,6.928531137496667,-9.537354661302965,7.098749419139398,-9.292083889136663
2000-01-25,6.635812599831709,-9.61979013591337,7.568521585089864,-9.631746504716169
2000-01-26,7.027745176107868,-8.000968305957013,7.0222355209448875,-8.865959406285521
2000-01-27,6.940531628144812,-7.414213852524299,7.973949001317064,-8.046450394625136
2000-01-28,7.473533536066246,-7.614535515700539,8.492387820444092,-8.30296954262187
2000-01-29,6.766941144382995,-8.48416323883625,6.6266054590037635,-8.458992722541357
2000-01-30,9.043536628810338,-8.043810817366717,7.70988935683694,-7.989044511852148
2000-01-31,8.589597372619103,-9.091617543365604,7.388327863944321,-7.500932348054434
2000-02-01,6.997285252651081,-9.192576607059399,8.679180137000163,-8.210028450042579
2000-02-02,7.936779424990792,-8.537164958097172,8.671784894677538,-7.803230648402513
2000-02-03,8.895018218831353,-8.549511912884956,9.461759998977941,-4.70453164515496
2000-02-04,8.738491355728911,-9.472750905104597,8.587708994831637,-3.428033838323455
2000-02-05,7.966067297354581,-10.089295403560135,8.445577076447792,-2.6378452917410997
2000-02-06,7.7520254171842575,-9.088707353368875,8.969709001356238,-1.0699241691131158
2000-02-07,7.7040749998806834,-8.740133376773768,9.88591527919321,-1.3891991937253136
2000-02-08,7.265711253641361,-8.561460974737228,10.527091674810828,-0.9593423501392523
2000-02-09,7.560622900136864,-8.822016030067392,9.051300454241012,-1.054411385780311
2000-02-10,7.3219462876046215,-8.803581263119344,7.986422360742985,-2.5160875183071476
2000-02-11,5.131880292058048,-6.817880872798412,8.610531538065953,-3.8016894867488493
2000-02-12,6.271888010083231,-5.711387569352629,9.13330402364799,-3.8871067354059554
2000-02-13,6.19778979860256,-5.225174103863684,10.017741725379127,-4.247470517566226
2000-02-14,5.034013851259047,-6.7788008150134,9.791317370656124,-4.86917339839127
2000-02-15,4.874600163397784,-6.306170487690058,10.564569707730614,-4.877463798909938
2000-02-16,4.464295432147867,-5.6706357006641825,8.413219602622023,-5.309181640409877
2000-02-17,4.604938998927853,-5.032294731487102,7.242792568207745,-4.301155517056944
2000-02-18,5.08464494277329,-5.8493716315207696,7.215007674712905,-4.980178394139481
2000-02-19,6.97486991809385,-5.7907178518197915,7.984492720668692,-4.085736154629514
2000-02-20,7.007078167772741,-6.131136936235575,7.673790289930698,-4.337690161514281
2000-02-21,6.646145421882815,-6.517147739203771,6.852862144988206,-5.12789261289006
2000-02-22,7.835150543009793,-8.768281209032136,6.1421608521827,-4.643486095651033
2000-02-23,6.970580219667826,-7.738303345792486,4.6258082204227176,-3.114643787182223
2000-02-24,6.709686237357758,-9.150010472419403,4.2055197896583305,-3.3408152946342615
2000-02-25,6.243811067536766,-9.920947465872732,5.001665019118068,-1.8634083780694242
2000-02-26,7.300463220910504,-9.053554767307869,5.672143366800658,-0.8120791924844795
2000-02-27,6.50077841057915,-9.11642730403395,5.607932348857616,-1.9581186046749226
2000-02-28,6.1248821287742485,-7.922714174495558,5.967718913242764,-2.0551256517874914
2000-02-29,6.928850513486882,-9.139924915452344,8.331838863727326,-2.457465442313606
2000-03-01,6.552970082512289,-9.112956066546916,8.647525010025484,-2.016648912005523
2000-03-02,7.1735955834454215,-9.305318008197647,7.166402438949098,-2.145885574596708
2000-03-03,7.130799113190476,-7.884635688190972,6.8537557299400484,-3.3738779555239864
2000-03-04,8.481174427083586,-6.471887819482166,7.590519388710006,-3.5495517535379406
2000-03-05,7.418167260498169,-7.2382869698349035,8.079525032478577,-2.3342455046572885
2000-03-06,8.049230202826523,-10.009025050207478,8.698900260613627,-4.20570094076755
2000-03-07,9.56060824482075,-10.231235191621613,10.246950340673175,-4.612222511057684
2000-03-08,10.796572908085288,-10.027936983073106,9.981772435242053,-4.136534413427306
2000-03-09,12.051645316290546,-9.596716606802774,8.5182557452083,-4.613525921219498
2000-03-10,11.007594302746213,-9.458091849202837,9.008060406303034,-4.362846607471908
2000-03-11,11.516200190720552,-8.236886376224541,6.658543275944055,-3.5667633375394328
2000-03-12,10.818097084291946,-9.417162464048216,7.0911223055381996,-3.7156932284323116
2000-03-13,8.924692567726234,-8.29865070984457,5.895039698861418,-3.1658085027200826
2000-03-14,8.272234544967109,-8.79061280783846,5.783747643365481,-3.5869302135322942
2000-03-15,7.308770639245101,-9.168148622747868,6.563981722896816,-3.790037492123527
2000-03-16,7.119444150143958,-11.557693130811769,7.3906536293606795,-1.8390660804143912
2000-03-17,8.18792855887275,-10.427219323502014,7.077574945129369,-1.664389695803068
2000-03-18,7.434203610347731,-10.347085685478014,8.99547083661833,-2.9672869340927894
2000-03-19,8.45206133205658,-10.502950424400188,8.954395342097254,-2.5318391262433817
2000-03-20,8.10946568042461,-9.603692257163146,7.888191951376198,-4.672687793234035
2000-03-21,9.144378380034633,-8.787915967749086,7.908412341123759,-4.096397076380752
2000-03-22,8.67270646200951,-10.062245592691795,9.353127935842235,-5.5658879612846714
2000-03-23,8.176294826729338,-10.21116507645052,10.620754807349526,-5.160446852626359
2000-03-24,8.759864434299036,-9.928722708990119,11.370729538788344,-5.5722001586352015
2000-03-25,9.489074129887397,-10.102218075597234,11.818941185778163,-5.666888354436495
2000-03-26,9.46200239139778,-10.795218254831228,10.375267313187484,-3.6322109267060823
2000-03-27,9.880901906858066,-11.331822368177571,10.400084622108858,-3.5772402554766796
2000-03-28,10.5328469802609,-11.070416089927486,9.880615037472825,-3.9241070881585784
2000-03-29,9.127331046112406,-9.740267559218411,9.869301024770644,-4.8463840120123765
2000-03-30,9.046270156480348,-9.125327625227012,9.841543248676219,-4.7901807463644115
2000-03-31,8.478095287401667,-8.223891870190142,9.461410149521349,-4.24937216752324
2000-04-01,7.330437337069957,-8.73187559148633,10.129262266328643,-5.61113209383111
2000-04-02,7.978810838367725,-7.073715543604173,10.400034624792408,-4.176348450639125
2000-04-03,7.596551261551505,-6.405928744330813,10.087304504325264,-3.0448347914227347
2000-04-04,8.147096317928337,-6.608711208429311,8.257588799305868,-1.8223734650200039
2000-04-05,9.330097199304047,-7.272322097950861,10.145402244436715,-2.1958057731810037
2000-04-06,8.994881562668786,-7.302357797757888,11.608057303269117,-1.7865711874683043
2000-04-07,10.446368706085817,-6.811016498963642,10.219592016385594,-3.291342928074827
2000-04-08,8.490044670573685,-4.80372878982725,10.115748619868922,-4.966388502383015
2000-04-09,8.251312344466012,-5.701351293784907,10.298344670842951,-3.7045444165200347
2000-04-10,8.734727087614223,-5.061519185056402,11.425029102548388,-3.8662202320059094
2000-04-11,9.611808446387181,-4.585599055931735,10.43771425612769,-3.428837809298723
2000-04-12,10.38132212908987,-4.784680272439741,9.839366399964373,-2.170821199238424
2000-04-13,10.332562310858332,-5.885854958275388,9.738104284717487,-3.817171663575506
2000-04-14,10.873870942256469,-6.242639808477372,9.549673556501522,-3.3901961324730947
2000-04-15,11.326405137533389,-7.544113965664687,10.86237900839349,-3.3540956723445943
2000-04-16,11.254724770095832,-7.85400464176462,10.348952603964946,-4.6823935468588616
2000-04-17,10.849980800515976,-7.3093234812851655,9.961718930284098,-3.590665286804809
2000-04-18,9.383444696255824,-7.0433760101972425,12.070830992536196,-4.752062316859423
2000-04-19,8.78617500777692,-6.801596861960093,13.159392343813035,-2.9860206738544086
2000-04-20,8.009423294084254,-7.43174707234298,14.685322907672395,-3.6468144972603764
2000-04-21,7.0539578513689065,-6.518296888497906,13.49199746972042,-5.138339524330647
2000-04-22,7.085378141613032,-7.957648382061807,13.88635710838564,-6.788449122291443
2000-04-23,7.391200695243902,-7.867898930345316,12.993701040235647,-5.392050187438883
2000-04-24,6.696516225989152,-6.74457599665447,13.08150014500223,-4.045502916224404
2000-04-25,6.121219466581572,-7.78494465353846,12.467262763332814,-3.172596458028971
2000-04-26,6.778266755135775,-6.7740718293489195,10.950174092389233,-3.5893749046978076
2000-04-27,6.878606107501208,-5.671211914359982,10.02891207732615,-4.078938387506563
2000-04-28,7.2061508073015785,-6.244104310946419,9.782217467336306,-3.405546436873599
2000-04-29,8.416810185813056,-6.735054604731516,11.248545752553479,-3.2914552663218024
2000-04-30,7.85126640842558,-7.058653370285773,12.285245852439383,-3.52903425363714
2000-05-01,8.746202709899503,-7.6786294504692885,13.173760243741503,-4.66768037337394
2000-05-02,10.847160906984538,-8.856218782908321,13.8596663641492,-4.524996768851474
2000-05-03,11.684376550383789,-9.713921185212154,12.846275038017078,-5.733389307213272
2000-05-04,14.581216566061482,-10.66536151543594,12.46887605927524,-4.771148308404831
2000-05-05,12.59941155510786,-10.927422888726358,12.863129505462696,-3.5341313334484035
2000-05-06,14.406657602090174,-9.71646242297946,11.565210437028684,-3.2854475125857774
2000-05-07,13.540225963625062,-11.62275353833104,11.526557984893872,-2.8193515345064255
2000-05-08,13.295442677734176,-11.716145185943073,11.032724890744909,-3.266136909956032
2000-05-09,13.60879869181147,-10.652241516617941,11.060201401151392,-0.39460656756103774
2000-05-10,12.402712903538227,-9.835942896713643,11.516142435027499,-2.316490752586798
2000-05-11,12.722885771621016,-10.18294975589665,11.708834656572268,-3.0242837703050123
2000-05-12,12.529615640479177,-9.378313284118985,11.529080527561481,-4.32823333666947
2000-05-13,10.524958175264596,-9.494245896159939,11.60213281615537,-2.9204940540057436
2000-05-14,10.75569340780182,-8.884622778253089,11.255090509482697,-0.6537416361394683
2000-05-15,11.239025147003442,-10.575169346046657,13.460808796464766,-2.488315153705785
2000-05-16,11.824401872974365,-10.705997598300337,14.926135236105143,-1.6529526132380359
2000-05-17,12.116415193734985,-10.684947711950718,14.960665785581602,-0.09195028889045886
2000-05-18,12.79325871751039,-10.893474527653101,13.38227569521094,-0.4228763325668359
2000-05-19,10.856966491220827,-10.242660783024405,14.23047777923363,0.5980328143876108
2000-05-20,11.247725503524725,-10.740180206030344,14.646476308363846,0.25693097797833303
2000-05-21,11.388682337433885,-11.984938245191737,14.740597711353072,-0.4603516071126193
2000-05-22,13.047581598376587,-12.91591469669169,14.871454642351702,-0.980545938008534
2000-05-23,12.948852458894759,-13.050719722619439,15.715526591495077,1.4704532126662337
2000-05-24,11.983759439693914,-12.838386706436767,14.87357793030766,2.329833081953967
2000-05-25,12.85153737916769,-12.648856816591167,16.31726846418643,2.0085872235802
2000-05-26,14.808167406500223,-14.956591362161506,15.368309996456588,3.6175781391965676
2000-05-27,14.738472261634131,-13.560011498156562,14.866409375226016,3.5891509285218612
2000-05-28,14.468983109529418,-12.413236352390967,15.393031360530435,3.9297471373884743
2000-05-29,13.28092111704275,-12.533321047887117,17.134637847582017,5.311822151488661
2000-05-30,13.916135270814923,-12.227401027141372,15.543166435738696,5.188145992241237
2000-05-31,13.616662618636939,-13.180096230499712,14.977484747516224,5.783602740142878
2000-06-01,12.760980049659862,-11.929017094988328,15.725374131539622,5.854055727835551
2000-06-02,13.045261024222274,-11.853466434182037,15.016890762699559,5.326671254848399
2000-06-03,12.339924528981676,-11.358103931727515,15.235947479893667,5.365011678190954
2000-06-04,12.023768839779907,-11.677678527877074,17.958424245586567,5.258099581073428
2000-06-05,12.909215574087554,-11.901491139602765,18.07548309740462,6.068774286729844
2000-06-06,12.771719005842792,-10.501153167846779,15.924074246523073,6.625192642099654
2000-06-07,13.319331749372818,-8.650039246343887,15.223757004305094,7.525123240867823
2000-06-08,13.66419918430017,-9.125926087677861,15.535743051945325,7.58171531275782
2000-06-09,14.260374114466437,-9.640822282006123,16.7545745817237,6.680042027851983
2000-06-10,14.283078022639147,-9.256422945186369,15.72677078225113,4.9453399857971405
2000-06-11,11.147070285224537,-9.906247328413738,15.717866548272264,4.310044902581748
2000-06-12,11.143755614816293,-9.673792262662323,16.839561614960648,5.540172647008935
2000-06-13,9.978657183453992,-10.096226669730468,17.4433218402399,5.326550209636062
2000-06-14,9.649155748142523,-11.802176560869409,15.485949233217005,5.082551247079611
2000-06-15,11.426759431539088,-10.017265010740479,15.407887647718036,5.632191117679906
2000-06-16,11.275010994721887,-10.480997181232652,14.8873583003684,5.531443958061754
2000-06-17,12.698530388160457,-10.514511019924862,14.503535838265135,5.307018748496132
2000-06-18,13.233398176979971,-9.721455430294187,13.962457699013845,5.064351612945527
2000-06-19,12.886478673811318,-9.846574743996158,13.216367160045072,3.8324884878010206
2000-06-20,11.989017212935392,-7.194092165476183,13.368272779117193,4.988455954952763
2000-06-21,11.075933797458836,-4.748856720939323,11.737267539283028,5.079510925041468
2000-06-22,11.070799182029917,-4.583849109655248,11.779741525254586,4.532402372221997
2000-06-23,10.660360150727268,-2.7206969879325054,11.516181587300462,4.9142037974501775
2000-06-24,11.588167112520182,-2.3711478471443894,11.393780068400783,3.939901072701989
2000-06-25,11.80322473502397,-3.463941108008606,10.49227908181344,3.0726798811881233
2000-06-26,10.648211578672388,-2.0642353518862384,11.153165054847285,2.5291145488187134
2000-06-27,11.354053138188291,-3.978860631308708,12.446221660576363,2.281710778660933
2000-06-28,12.309043544606661,-4.752135883026848,11.32195129522626,2.952353022550903
2000-06-29,13.111449708024702,-4.601899927226169,12.148048343066769,4.040787547305412
2000-06-30,15.169195313615282,-4.898125762752458,10.937239383111695,2.3723520152663498
2000-07-01,16.760934690269963,-3.733776195333891,13.803837046394943,1.6165101421697567
2000-07-02,18.290735701716322,-3.393363273719757,13.188318493380297,1.7388378678317327
2000-07-03,18.202918684823107,-1.5812828393472758,13.600023745188865,1.9084900906737008
2000-07-04,18.31038306525673,-2.3496551107759878,14.427102802029541,0.879999052346754
2000-07-05,17.09710508252547,-0.5094792167958275,13.777312954603493,1.9697272007790307
2000-07-06,14.904875959330223,1.0606847791226672,12.91318987195618,3.1357049097931426
2000-07-07,13.769496893391638,1.7769312837691802,13.81620748165569,3.4255101848831986
2000-07-08,13.518415602316832,3.198575301730546,14.140345957938022,4.47807149459253
2000-07-09,12.914469198720303,2.140487524779428,12.569133854262397,3.246459061980187
2000-07-10,11.896886665883885,0.5200187519947457,12.218756281326057,1.9443561288941813
2000-07-11,13.629978037695807,0.3887942971517807,12.054380136680585,2.8515410158642367
2000-07-12,13.749555346424144,1.5775692770371101,10.479907862541445,3.6504877672872063
2000-07-13,13.42360152577108,-0.8557133246039519,11.152267746239833,3.584823541465129
2000-07-14,13.732508764683176,-1.6843068005845243,11.062254538068117,3.7098318715403833
2000-07-15,14.037449942378313,-1.374378575460796,11.036586027957949,3.655263916119465
2000-07-16,12.899344023539944,-1.851827534458797,10.257604245792406,4.741110867238323
2000-07-17,12.902887253373198,-2.0133316649365143,10.615298887812468,4.239736703712092
2000-07-18,14.779977349436503,-3.3796240157180164,9.626714998509229,5.015753180279172
2000-07-19,13.20626195052685,-5.5103916326135,11.599686475295421,4.402359362522483
2000-07-20,11.7898258940068,-5.326716473046394,13.493842452180305,3.762028808784338
2000-07-21,13.0097339638158,-3.0038663593159796,14.198581584835098,5.517291758466304
2000-07-22,13.762553302802019,-3.5229993768677916,13.918996413149598,3.759039118986294
2000-07-23,14.350675483924052,-6.5617178827467715,13.741627184253755,2.830022012980866
2000-07-24,15.026755121820035,-5.420504910929939,12.799853744744539,1.6171538695419605
2000-07-25,14.716385268745439,-3.4867925201919885,14.885305767682924,1.7113783207107267
2000-07-26,15.881667511596572,-2.9352882155176863,15.826269490818131,4.361974637597249
2000-07-27,17.04000325501088,-3.3688881261719144,15.315823865204132,2.721375203703042
2000-07-28,16.098981644949205,-4.856960304061936,16.07164989864478,2.965996518980526
2000-07-29,16.492165712945816,-2.8593974597213596,17.066699807202944,4.174470709322447
2000-07-30,16.476293449581924,-2.6517815740472086,15.827615725071018,3.8813954186896917
2000-07-31,17.070781553850367,-2.9280182514348803,16.963707585396982,6.827852791280227
2000-08-01,19.15925969532962,-5.377440979311755,16.44871303828099,6.530569958997104
2000-08-02,18.779092225149867,-4.346216941879441,16.773331758644698,6.259320882097362
2000-08-03,18.30705365856173,-4.749833166254582,17.01518176501099,6.565026303607729
2000-08-04,18.800868544504464,-4.860393693883735,18.383616107649193,6.565651245638303
2000-08-05,19.044358310316337,-4.640758463674436,19.419193291477935,4.779837929884558
2000-08-06,17.446139517816647,-4.222135877083012,18.969663600111716,6.239251040869844
2000-08-07,17.781977533269156,-3.803793772203979,20.349871060460295,7.392948054254212
2000-08-08,18.229744949551886,-2.473110658221752,19.634396593503027,8.385541660776251
2000-08-09,19.17333412771435,-2.7238606680122306,18.659792720478354,8.971763258730471
2000-08-10,20.129786296758525,-2.691876334245176,20.538351734269398,9.482279514798236
2000-08-11,19.609313267506188,-3.7693755736959558,20.95182969547693,9.821651180544816
2000-08-12,18.811168694414267,-3.6904717648732133,22.02504014262903,11.502624000027874
2000-08-13,17.665914648854223,-4.94131555355866,21.42311748493377,12.127839475624398
2000-08-14,15.330716930139161,-4.480546434467111,22.144979640951433,11.707877161764715
2000-08-15,15.044819698934079,-4.225560315382812,22.55552876813838,10.274417152498515
2000-08-16,16.186251559815453,-4.452361283090925,22.206130610634784,9.889950466668433
2000-08-17,15.666135005646064,-7.037729285089316,23.853797007474917,10.38471891019501
2000-08-18,15.398424392959223,-5.373314639089793,23.168377830095903,12.19824696119047
2000-08-19,14.505885452553185,-3.9167579091877087,23.224383626175587,11.428253918906467
2000-08-20,14.441067592924057,-4.492342883708938,23.717554767308794,12.174562065501588
2000-08-21,13.677801941774407,-5.075170962133574,23.884802199455144,13.204257436104001
2000-08-22,14.245213123325872,-4.519638430087368,26.013267194606122,13.242388925006583
2000-08-23,14.261481050617697,-4.3191398347952425,25.232515746910344,13.620557277815617
2000-08-24,14.790127570793237,-5.875173239139551,24.372527583015863,12.427798935572005
2000-08-25,13.38006154715311,-4.671770326296697,24.8118647271278,12.125521138510289
2000-08-26,13.2818018714053,-3.914776236806655,24.842192191520898,11.275655679894601
2000-08-27,13.050571076974734,-3.442962533302527,25.678825469994766,11.196160893088031
2000-08-28,12.292857251999605,-3.5470204268606063,26.175458082860462,12.656351607149208
2000-08-29,10.836869103742128,-2.0523311775060535,26.277056261006525,12.19740375483064
2000-08-30,11.52606323178278,-1.2882819569669635,27.086817671332025,12.067132838414
2000-08-31,10.739650307894632,-2.349366077362507,25.970597319098953,8.94642396296098
2000-09-01,10.890878889083094,-2.0671324437403498,26.60736674985195,10.337543262485147
2000-09-02,11.971539339792528,-0.46449343386838704,28.17814998847807,8.871194524083132
2000-09-03,12.628382168761311,-0.40338909852790955,28.18704586702032,6.949242882262119
2000-09-04,12.10057644331517,-0.5251589795251673,26.68533909022911,6.440618975130519
2000-09-05,11.991935064167505,-0.7479782665956984,27.932712054973162,7.204821900390469
2000-09-06,11.625668463112959,0.11876693579908049,29.118421804018528,7.710443370500603
2000-09-07,12.261718440660509,-1.617081504983366,30.353480365469316,8.926141538957078
2000-09-08,11.402769295122503,-3.1492939264487583,30.442202187348133,9.672179663415271
2000-09-09,11.778683340343868,-1.3975030619047983,30.446647610292,9.930248242314015
2000-09-10,12.412157604653254,-2.2043130966659326,28.68619260594868,9.251006330136851
2000-09-11,13.459433185996463,-1.6569162653098628,28.317228153718357,8.104623573257154
2000-09-12,13.578895906420719,-2.2374864364716256,28.408719685013494,8.862514221034452
2000-09-13,13.357241598178346,-1.0749987089225097,29.501307979739217,9.544015276254337
2000-09-14,12.50673271688235,0.4553161782947228,27.39920591068226,8.033815692853354
2000-09-15,14.626971062510052,0.20234095568014132,28.58274233737044,6.922418706443054
2000-09-16,15.109581249352129,-0.4496262450925401,26.3229181406508,8.982595557317161
2000-09-17,17.279302311637437,0.2678510228275439,27.277752002296904,10.580068860840319
2000-09-18,18.743351281584943,0.8038039217602121,26.94772581632763,10.013905125480726
2000-09-19,19.645761118966426,1.66308018763974,26.956688578346295,11.337908919979245
2000-09-20,20.72339404962764,1.1253705612566456,27.63523872660562,12.382602467595346
2000-09-21,19.610934017929573,0.1241081203170793,27.289131124114434,11.586673929531214
2000-09-22,20.14804927806706,-0.762998158134357,28.707854430108952,13.048894254468385
2000-09-23,21.06209927342884,-1.3390066461861756,26.788998563347253,13.785601625832683
2000-09-24,19.58314677358155,-1.7330945620573772,25.945589628504116,14.568560013193782
2000-09-25,20.952916493148003,-1.7639170295601245,25.649756851652192,15.710767229080444
2000-09-26,21.34470748635938,-0.25322230427681425,24.959011954004765,15.831939277532394
2000-09-27,22.181171785065033,-0.21415778345196343,24.67689213248606,15.779781550917207
2000-09-28,20.91770032868405,-0.12300975133521423,24.878250353761953,16.7333637214553
2000-09-29,21.536122760928627,-2.376023746906929,24.502002413630407,17.45362949303151
2000-09-30,23.75250852022178,-4.085035675499773,25.062666255872024,16.78655805666115
2000-10-01,24.288853666761337,-4.075901296693201,26.912318085685534,15.15112337526001
2000-10-02,25.324184080207992,-3.0448883206906334,27.792419479408608,15.25713288582145
2000-10-03,26.347627194963444,-1.7684935120023826,26.38201744400488,16.360980776036797
2000-10-04,26.008061947522982,-2.6981433352606192,26.401073267638523,15.63861586617684
2000-10-05,24.928032667389278,-3.1280636469513468,25.759889001378486,15.880342816146596
2000-10-06,27.106715128725302,-4.204648384230432,23.865870405715267,15.559713263934633
2000-10-07,26.40325884061628,-4.956126658099908,23.585354995122675,15.339801809612036
2000-10-08,25.283000517168272,-6.262887955418046,24.226119306746167,15.122909541152511
2000-10-09,26.52457006480812,-6.021449757551941,24.64274110117732,13.778943482656953
2000-10-10,26.046731361684518,-6.867678889116964,27.292966436119396,12.572068146955974
2000-10-11,27.631654559590984,-8.317600969009067,27.76316170380317,13.202619759061017
2000-10-12,27.349363221295132,-8.015974010500516,28.563171072458392,13.223028490136855
2000-10-13,27.701796158984497,-8.990117266130788,25.996651674538885,14.325109555594898
2000-10-14,27.961111020868767,-8.168058393028101,24.757897303575984,14.890466433562057
2000-10-15,29.177486508063378,-6.891151340101967,24.885527327155987,14.286489273948485
2000-10-16,31.258953420848574,-6.100124811334681,22.638781610001647,14.901606612075671
2000-10-17,31.934454196303566,-6.015287911499103,22.088390637656815,14.81007931157723
2000-10-18,32.4787488415922,-7.1503613902570855,22.758791616360742,15.48912089813287
2000-10-19,34.22469260237396,-7.827044503301111,23.021325200533774,17.000866628413103
2000-10-20,35.27442517645806,-9.21459599748673,23.977036091874464,16.420764524330597
2000-10-21,34.78355482995322,-9.652551447918338,25.468194906624696,18.837021863786763
2000-10-22,35.05436241171104,-9.016699408138525,24.697117486341657,17.81924329808096
2000-10-23,34.74824510768481,-9.339191657431781,23.284917874494855,17.798748566051867
2000-10-24,34.67017031258786,-7.748408225537672,22.495449467208022,17.339798947836243
2000-10-25,33.6836692276351,-7.25961862392861,23.176269112543853,17.56251475692402
2000-10-26,34.4947069469943,-7.349009081728881,24.520885336452896,18.408349343618596
2000-10-27,32.98038676077384,-8.018681189910916,24.17951511352138,18.101426598608114
2000-10-28,32.77713665380403,-8.790959563386721,24.258267691684885,18.115152421159262
2000-10-29,32.952679371372476,-9.505422646200518,23.569421836087106,18.725438884813528
2000-10-30,32.272925617040435,-7.961165712773801,25.045479916055726,17.73771656056668
2000-10-31,32.94442227058992,-8.946259663395995,24.911778182861678,18.634773600414515
2000-11-01,33.857287915578844,-8.771962919584565,24.082373962569246,19.446987948957148
2000-11-02,33.29544608141167,-9.601797468147609,25.77754126868247,20.426156865072134
2000-11-03,32.49133714050622,-10.259158570333293,24.930000585259485,21.337370968810614
2000-11-04,33.91188166028426,-10.546203575762117,24.14153142706811,22.172549467857955
2000-11-05,33.25096022836319,-11.245677783022971,23.1996851566433,21.005922601561508
2000-11-06,32.635690727659025,-11.503631448676982,23.067760261118035,21.774991949564317
2000-11-07,32.096267276453986,-12.641682816760637,24.500628287890354,20.940957968751736
2000-11-08,32.437502153494535,-12.795335738113643,24.50097638795451,21.952306191995234
2000-11-09,33.152435539451965,-12.830516362740724,23.21812250585832,22.68174008184851
2000-11-10,32.60456432776148,-12.503634793994165,22.954558539468,23.358435288745117
2000-11-11,33.40446799672183,-12.496400766098176,25.14233315423415,23.424377134851763
2000-11-12,32.867887347070564,-12.289979542644032,27.2272643522034,21.92892933479285
2000-11-13,32.54851235492664,-11.830760309869767,27.837716006573253,22.40721556650366
2000-11-14,30.544798686569504,-12.232305301640443,27.138838996066397,24.17507898652396
2000-11-15,31.414813502904273,-10.239441245356213,26.404482178862935,23.20923725846985
2000-11-16,30.416534318126203,-12.92923202326977,27.377433075887346,23.31009460838841
2000-11-17,29.344629815119376,-13.253077443525745,27.688492430984482,22.198687708443224
2000-11-18,28.303108552966012,-12.37885765500821,28.493598498176894,23.173477823351266
2000-11-19,27.417404681912384,-12.80327682844553,28.871933625169202,23.441265497658637
2000-11-20,27.196059372561653,-12.075473340913627,29.039001279977594,23.576097444951824
2000-11-21,27.14919851171065,-12.495441642040424,28.902780872584604,23.27111377970069
2000-11-22,27.46414214441214,-13.978034872573293,29.260776996406623,23.25733951445241
2000-11-23,26.984421192899916,-14.112117650965713,29.34965438753262,23.266972056276607
2000-11-24,25.495894884326887,-13.42530219861599,27.43865744008426,23.74674529702151
2000-11-25,26.20290273691562,-12.27798594335384,27.029758496860115,23.15940798878144
2000-11-26,24.828164825645274,-11.64728488840766,27.058747964920517,23.59307709677664
2000-11-27,22.970843320303242,-11.598206350429422,24.91443536084231,24.988831559317262
2000-11-28,24.62382622848542,-13.173307408627537,24.631698404096007,25.744067988775285
2000-11-29,23.578824291883855,-13.974390348627848,23.805141773775937,26.11280508237744
2000-11-30,22.02738431900277,-13.974677871540361,25.296769724454816,26.149306931519266
2000-12-01,21.599833636998625,-12.43999329305508,25.048698612935432,26.996234064244753
2000-12-02,20.965233859216863,-13.511403967334887,25.236375450780365,27.14106362970575
2000-12-03,20.400838280753202,-12.488330903313145,25.598073704307204,28.49231969908937
2000-12-04,19.360261376208804,-12.101461738923845,27.354262753905058,28.45902698916198
2000-12-05,20.898371523186803,-12.65838856954389,27.897298936130937,28.86720261274705
2000-12-06,20.104148411779057,-11.794273467067296,26.70799985580069,28.811610319784766
2000-12-07,20.147793483635486,-10.768385688706394,26.036612481572234,28.512951928067928
2000-12-08,19.908927766672697,-10.452924923007412,25.693136449623047,28.653409650090126
2000-12-09,19.951810533015614,-12.56859479275029,22.695006003117328,29.04433889898672
2000-12-10,18.4112066295318,-11.107049412544203,21.622631043370795,29.209786630322554
2000-12-11,18.806438276137005,-10.915803937529201,22.27399726699542,27.234473342526282
2000-12-12,18.25398118208006,-10.96892825216904,22.581952664095336,27.21264858946307
2000-12-13,18.835356479437596,-9.452397656149161,22.68696934615203,26.908868450172786
2000-12-14,20.586951297417762,-8.645619206627902,21.534353908594294,26.396303126259237
2000-12-15,20.73539611336634,-9.529317711503346,22.162515833433062,26.311811243020582
2000-12-16,20.285994315532797,-7.617099880011152,23.305858190030953,27.11075616591467
2000-12-17,19.838914276512813,-6.707489648418317,24.040993934301884,26.40651257392925
2000-12-18,18.31762365828986,-5.202148991343234,24.16137578951069,26.697483233001666
2000-12-19,18.318490340144837,-6.688105613685883,23.33388704411581,27.502793188477927
2000-12-20,18.08184161062792,-5.759684504150046,22.874264989740137,28.371636758247814
2000-12-21,17.295982669704465,-4.983500731248492,24.46961361179694,28.230588592865974
2000-12-22,17.864795751412004,-5.914825252841434,23.81748832379003,28.289948913723602
2000-12-23,16.407409280042806,-7.054867357538585,24.003742928813487,29.974841639415665
2000-12-24,15.785670358919486,-7.3462402628717784,23.942221212592514,29.91286203940185
2000-12-25,17.110140508278235,-7.1653478519516,22.83610539689546,30.984233287753995
2000-12-26,16.986293064658664,-7.282978893108993,23.260073936410777,32.17982920020617
2000-12-27,16.495859069166592,-7.009967627646419,23.302003262290288,33.489784880787575
2000-12-28,17.38086454691352,-5.132701058652955,24.791491260579345,33.71983773174865
2000-12-29,17.27018515318242,-4.985677214303484,24.719818547923694,34.33740086690765
2000-12-30,17.340679214635877,-6.8474333193146215,23.547928412340344,32.52140160502763
2000-12-31,18.02959616216522,-7.717759683088778,24.644654146167785,33.51522775531828
2001-01-01,16.41216792934935,-7.775487360155113,25.04092350393179,34.137428151164364
2001-01-02,16.15108002928278,-8.437326862397589,23.78048864151989,34.75697867140972
2001-01-03,18.672390043206775,-7.3338440746554445,24.315232441100544,34.992181265933354
2001-01-04,17.766995617221276,-6.953960765426494,23.74404737484942,34.77419805065364
2001-01-05,18.32541859026856,-8.15601453400265,22.648760092101554,35.277915532597184
2001-01-06,18.035574744915973,-8.562471633680016,21.372170498526295,33.81764493822731
2001-01-07,16.878665257417364,-6.955682402729521,22.52195544580141,34.02787853592128
2001-01-08,17.481088815037882,-6.986229595184591,22.20349793195681,35.35189946590168
2001-01-09,16.848571011542102,-6.673569414827348,23.71173300655598,36.00486146936008
2001-01-10,17.142074788647374,-6.604969958467202,23.233607080100644,36.706010720245835
2001-01-11,17.583840631672455,-8.513364684294213,22.225804254148954,36.880631448470815
2001-01-12,17.858527609457767,-8.890493023450531,23.308434961408768,37.36059948914824
2001-01-13,18.433656687584328,-7.889126370965606,23.093471465561706,38.47649768597924
2001-01-14,18.85994470720476,-9.543588000105801,23.052450753504207,38.44578567915377
2001-01-15,18.149808346543672,-11.070634197693689,23.079578473985197,40.111781088581004
2001-01-16,19.42276384256435,-11.192051552804516,19.968797079131587,40.06792910609157
2001-01-17,19.605842247660537,-12.762131042443833,20.09392345928588,40.48237759933113
2001-01-18,20.27781696931167,-13.348333117468664,20.02782994629747,39.30759269399681
2001-01-19,19.292111866651414,-12.276216270070147,19.252540214344712,38.406395541692
2001-01-20,20.44959202854732,-13.945396915194333,18.128861854283567,38.41255015989967
2001-01-21,21.188891414700986,-13.098711435686916,18.535869126228164,39.50286068835396
2001-01-22,19.672386215853663,-12.544346440726414,18.66604624792952,38.54334976608986
2001-01-23,18.539224053988015,-11.383402899545327,19.18340320573033,40.481358989437254
2001-01-24,18.26181799803416,-13.028670830435418,20.26912115775709,40.88690258303921
2001-01-25,16.822907044054247,-13.912892013782285,19.663536555243624,40.95106159007262
2001-01-26,15.692761295266553,-12.531775317617175,19.05902964837103,40.57850160632858
2001-01-27,15.726455602778513,-14.093225417234535,19.713016959048062,40.43415245714214
2001-01-28,16.884633873550698,-12.610917538322276,19.832933805683123,41.27827361186597
2001-01-29,15.534840462371367,-13.301566524746226,20.10251852093093,41.923801911304466
2001-01-30,17.028841482869762,-13.155067239873604,21.278250154503112,41.71296819969495
2001-01-31,16.338242850838014,-13.807804483473944,19.060188369724997,41.02075784915268
2001-02-01,14.826487824150774,-13.483268193454622,19.057920907946173,40.889645617705135
2001-02-02,13.92319719457374,-12.055531624798757,21.041416357791192,39.36358837839164
2001-02-03,12.558439789138697,-11.896559786733532,19.930884229198153,38.657759407283095
2001-02-04,14.336333120884781,-10.806152438967302,20.975990974683132,37.708183984751734
2001-02-05,14.23012642454769,-9.490297986123661,21.461605181191057,37.93893122690896
2001-02-06,14.96213594258914,-8.582450068550013,21.555655637488762,39.42719399078614
2001-02-07,14.703215218048168,-6.814581496169829,20.541158299793018,39.575229248804405
2001-02-08,16.34660591382716,-7.54270506594615,20.558156981314976,39.29564821248065
2001-02-09,17.484189815546618,-6.615196066717592,20.80859081833426,39.69263985853949
2001-02-10,18.064222898576936,-7.79257594106065,21.157290793178763,40.79712284375674
2001-02-11,18.50520369979341,-6.252324140079356,22.087563652174193,40.12342465124653
2001-02-12,17.213929795687683,-7.76233892826013,21.961053067506448,37.97690206317211
2001-02-13,16.303120392788983,-6.239659310034375,21.569434692714626,37.5384388792347
2001-02-14,14.166725153398266,-4.7604385359936225,20.68700484974139,37.811816101422544
2001-02-15,15.126923046316575,-3.5861723420466998,21.25172151787759,39.24719391408393
2001-02-16,14.694244411247748,-3.624434782027967,21.88701182299032,39.835881163318916
2001-02-17,15.541132393397843,-4.422686241887897,20.372473321584927,38.59496278036685
2001-02-18,15.56446151256907,-4.693569602978641,21.717008446322644,38.70599378507603
2001-02-19,15.798573049066079,-5.377625681726838,21.429018311906823,37.790879335784254
2001-02-20,14.842522888738403,-5.171618635407421,20.97430308860808,38.29405554644678
2001-02-21,15.630847568628509,-4.676360584965621,21.66259691898366,41.59725721975174
2001-02-22,15.66736635815281,-4.2211305103378205,21.32649981150812,40.398757962776216
2001-02-23,15.473718976215068,-5.209377567161253,22.14217109011713,40.06191278315182
2001-02-24,15.780075517385033,-5.652801099697566,21.921165843311936,39.72110937848065
2001-02-25,14.832455930589603,-6.948869229194031,22.6959521204974,38.19168842142649
2001-02-26,15.36878460749941,-7.946328015042615,23.067356953219537,38.02767388783375
2001-02-27,13.987319213000983,-7.127923626746254,24.660535031674005,36.4150527926582
2001-02-28,15.108670127695571,-6.529208554061827,25.19768702452145,36.45642334300907
2001-03-01,15.245663749130006,-8.688775153595534,24.938669158208345,38.062109725534256
2001-03-02,14.863646701256057,-10.312882383720861,24.46189334786913,36.37589338964137
2001-03-03,15.451112953295995,-10.790178025770368,24.878608723483865,36.708906370982824
2001-03-04,14.558394348488386,-12.376624689846553,23.710743484724457,34.08901382234865
2001-03-05,13.577140872369759,-12.312012958258324,23.5763295328672,34.83443634542624
2001-03-06,14.38906258072536,-10.5143600957378,24.428681779826363,34.64713813371492
2001-03-07,14.520514321337318,-9.542896794004546,23.57400704042088,35.50565480829467
2001-03-08,13.398143293330083,-8.095423107578688,22.016845951402612,35.9055247273652
2001-03-09,14.49649204327441,-6.882687644109475,22.48245121328054,35.70314997544868
2001-03-10,15.457882698265935,-8.472839973220342,21.553678108024336,35.85052979058584
2001-03-11,12.986033593590502,-8.510476034781457,22.76062890993339,37.5237192033336
2001-03-12,12.614442552482155,-9.496312415848859,23.463692784651233,38.208984490322564
2001-03-13,12.085334473469237,-8.863912089008345,24.189745355629192,36.79273004342746
2001-03-14,12.862754838971448,-7.0951552900577095,23.168611504598346,37.60598269946361
2001-03-15,13.309713204861836,-6.091147634434176,23.35773360760242,38.98464273804461
2001-03-16,13.03540802998873,-5.7439473767509135,22.85262236227527,37.41109250223513
2001-03-17,12.51684585418003,-5.0676941791432695,22.80264435936614,38.01089685650182
2001-03-18,13.302600675115839,-5.0806473161296815,20.558650666525395,37.92353489684729
2001-03-19,12.880346772424764,-4.315357872221912,20.106005903506333,36.71760059239208
2001-03-20,13.237524263546044,-5.077398855891814,21.14870827945633,35.13564586478588
2001-03-21,14.58980274455594,-5.346122147536807,20.84957875625928,36.27463215606937
2001-03-22,14.949567894868263,-7.113631462713505,21.366792799189085,36.60892476236715
2001-03-23,14.635824778113484,-7.897253635599069,21.140638368807263,37.60137313155165
2001-03-24,16.12410798642462,-7.19819616863575,20.47303129308451,38.34313570913622
2001-03-25,16.78635672484095,-5.851394891744974,21.43590076125614,38.108864004898734
2001-03-26,17.059636201880572,-6.146838928068666,22.046200075381222,38.08355485801939
2001-03-27,16.49455016517483,-5.152127558954319,21.25526125241859,37.54140667333837
2001-03-28,14.246459582887283,-4.275308969164813,19.711416875666355,36.15063540238542
2001-03-29,14.811797167562341,-3.977994410032454,18.762234722485122,34.95830572163558
2001-03-30,14.003554834560838,-3.872126736775881,20.035809827625982,34.605329827035234
2001-03-31,12.232879849316571,-3.0044791554135393,19.02388451926951,35.5583558387242
2001-04-01,12.165755183851044,-0.7211213981325524,20.20557691921633,35.47067995389872
2001-04-02,13.237719356447206,-0.7612995885613071,19.940441997757294,35.14968409758457
2001-04-03,12.606551574010554,-2.6273485964974994,20.824724996332215,35.17616865694855
2001-04-04,12.734075189684386,-4.136529374915162,20.68110036597095,35.256614451778375
2001-04-05,11.137017223598685,-3.9935166919842424,19.303228173921642,34.418372058984396
2001-04-06,9.884366519277002,-2.626282349935572,19.013414603862724,35.14888893224283
2001-04-07,9.546142626833753,-3.5756716300385545,18.638794887170107,35.27460559173007
2001-04-08,9.395996553724943,-3.9294566370292,17.59750750805258,34.78444613726085
2001-04-09,10.294088844747073,-3.6181500558703026,18.017910460408604,33.75829466666654
2001-04-10,11.655819589359549,-5.476159248666504,19.424054104827658,33.65559891155761
2001-04-11,11.996967232581685,-7.228319906429377,20.15001265036827,32.73428617782314
2001-04-12,10.993701280152102,-7.040680505469173,19.516498968256595,32.10811873504809
2001-04-13,12.027598567877327,-6.569573923445827,21.404213045071888,32.91477639193407
2001-04-14,11.363209266317673,-8.04359768174196,20.326520935960062,33.1075949553526
2001-04-15,11.326785369113255,-8.61532470042261,20.299222280314503,32.42480751334874
2001-04-16,11.262642954278407,-8.954963485218649,19.364807454331434,32.696378147177036
2001-04-17,10.174067455147386,-9.987886766674432,20.152706714084488,34.12118128633698
2001-04-18,11.376446618886366,-8.644648931431139,20.23985343388919,33.57146803751285
2001-04-19,12.256171364790138,-9.17742053212311,20.98861128641624,34.885278962084186
2001-04-20,12.413796730601229,-11.276753198619828,22.558847206716802,33.77282002015986
2001-04-21,10.715006886588414,-12.893429189205216,22.277847270589074,32.25594740157775
2001-04-22,9.992335353205249,-12.367542506126648,21.844132729526496,31.172188193403567
2001-04-23,10.491965756972137,-12.48236736434729,22.745637234665054,32.054667527856985
2001-04-24,9.860511126567152,-13.359399396190142,23.794438861643133,33.273368628039016
2001-04-25,10.469226662524216,-12.603016243011185,24.041373058689675,34.026172521222065
2001-04-26,10.561594869931163,-13.666311392034183,24.559739193440624,32.53996831463408
2001-04-27,9.512540473398,-14.233431151080769,26.148470203212412,34.11421542568008
2001-04-28,8.054743068688738,-15.158331895071028,24.81701444393744,36.65854356372277
2001-04-29,7.599586913179794,-14.626240973494241,26.26873797365761,36.150395862395676
2001-04-30,6.9561218889190926,-16.26537340807538,26.52386818415407,37.13479483173471
2001-05-01,7.750085554784018,-15.825636460487496,26.404151749735135,37.46284817261496
2001-05-02,9.880843571779456,-15.582026137200977,25.621658253980883,37.442121122223256
2001-05-03,10.345010626174142,-14.1150379744824,26.880599018428494,37.56503033122844
2001-05-04,10.023307301441637,-13.008640924517847,27.51458591979705,36.67848700695003
2001-05-05,10.773363404429167,-13.81375444022788,27.376930795166867,36.42089376773971
2001-05-06,10.944548805589154,-14.037650006760435,28.620966457135175,35.77833768732292
2001-05-07,11.86131016656971,-13.01143490528743,26.642708437549338,35.35941512328184
2001-05-08,13.090434406646319,-13.447785769416273,26.163149619550005,35.88490776223079
2001-05-09,12.525400926968892,-11.179666948981595,25.509403594042276,37.317110359776485
2001-05-10,12.2064812532207,-12.212813210832998,26.33702975802528,38.331287890355924
2001-05-11,13.229685078373757,-12.125481266661547,25.825700019959147,37.56342427088383
2001-05-12,13.839441553317757,-11.598704957303593,25.661541014620408,39.23085924717055
2001-05-13,13.377539567683996,-11.587284792861098,26.10874165889151,39.245719114938844
2001-05-14,12.922168269941233,-12.277740124917004,24.94803697810787,41.16446158256474
2001-05-15,12.623693887312621,-10.572842662364604,24.70383961727939,40.52782723908807
2001-05-16,14.18858244228743,-10.898739483925752,23.583961624723848,41.18332303318642
2001-05-17,14.51212391356158,-11.503548658275564,21.625171718749222,41.99421856262088
2001-05-18,14.408882384275287,-10.375700416418287,21.19895039303252,42.13077991834549
2001-05-19,12.750216416722436,-10.72026176901999,22.123331847590517,43.03338536061544
2001-05-20,13.89082140908976,-10.571491540470326,23.49589842372361,42.09880947655483
2001-05-21,13.20730987430631,-12.017852246201809,24.94000422309522,43.825411313311086
2001-05-22,15.299656445822137,-12.66637138892666,25.306039844533675,45.6249484329411
2001-05-23,16.064201315663794,-11.305117148473572,25.43425455892731,46.29019878806879
2001-05-24,15.73845525128401,-12.522116994527131,26.700016493099124,45.82924834089755
2001-05-25,15.840997437144855,-12.400947838114565,27.465460503164024,45.72513841543065
2001-05-26,15.5608289397364,-13.748584563571463,29.08403690463264,46.884675363772466
2001-05-27,16.714835257048563,-14.584483211055977,28.365450279581204,46.35126114934823
2001-05-28,17.276006897459723,-14.036331704504548,30.209976379843262,46.92900422997784
2001-05-29,17.202331627295237,-14.340212700469852,29.470623722052437,46.20334903380845
2001-05-30,17.51109660058321,-16.681242450561733,28.769790828023364,46.27634015700548
2001-05-31,17.812702560737467,-15.461514498219376,27.800940725983764,48.31929774796998
2001-06-01,20.0145532548317,-15.392530998336566,27.697211957025434,48.38382942325402
2001-06-02,19.35852648828787,-14.8096171364834,28.310502507235462,48.019348885742765
2001-06-03,19.87894015713681,-13.92736632010201,27.615984753453976,47.222648692239986
2001-06-04,21.153995907497023,-13.12910765410625,27.696453737075203,49.50885911286894
2001-06-05,22.13363389361175,-13.803503462749546,28.172526678460805,47.176151462455415
2001-06-06,21.997642563809432,-14.393750099503457,28.01703415978901,48.540880524818114
2001-06-07,20.92318648342168,-14.778418337125075,26.27582768088126,48.75195422022121
2001-06-08,20.648123867360248,-14.79641865047767,25.517712986215876,48.02951892810816
2001-06-09,19.229504188582514,-15.064889899129494,24.503200755240524,49.20130837603287
2001-06-10,19.042114262806134,-14.761357639136612,23.979167703825947,48.79951727728669
2001-06-11,19.784448839315495,-13.52889120063637,23.86136364214922,48.23708330603776
2001-06-12,19.952230974620257,-11.668701458333663,24.736693062540734,48.177352980433426
2001-06-13,19.697059976635988,-11.199706395997836,25.853780320523867,47.133309015379474
2001-06-14,19.590415975867803,-11.6786427328048,24.908825125753438,46.807767748141075
2001-06-15,22.014250807875815,-10.642315885849012,22.55302092541954,46.01905466067811
2001-06-16,22.38136158384632,-11.044421469674843,22.128230834575838,46.24113821284736
2001-06-17,22.455191481549477,-10.565752798906194,22.948029029560374,45.27814728106506
2001-06-18,21.768342000489397,-9.643134546533414,22.196157131741806,45.518903475706416
2001-06-19,22.443152204133597,-9.023044589389439,22.623198775343244,46.368333369965214
2001-06-20,22.931562024210336,-8.899862784418628,22.121449561513003,46.68358116527278
2001-06-21,23.51250843215383,-7.809921065007324,22.950884279249582,46.818754687199416
2001-06-22,23.42331378089217,-6.921903719707958,22.63376383130788,46.12411368202485
2001-06-23,22.305491634178487,-6.535087648390527,22.47986448627992,44.69678086313778
2001-06-24,21.521618133453178,-5.30848016519139,22.130594274352966,46.23303502815901
2001-06-25,21.726938756025667,-5.398422793455288,22.938683091667045,48.194522671244385
2001-06-26,22.946184523253425,-5.951981212739554,23.387293087787764,47.36988504729967
2001-06-27,21.80935231321932,-6.785601095402787,23.871447037316802,49.39619930891435
2001-06-28,22.10145833673409,-7.0138923848469075,21.380200226292608,50.35325815995192
2001-06-29,21.810755657333477,-5.421915410659895,22.76336567486401,50.09912312926512
2001-06-30,20.750468073274096,-6.497651391507725,23.1355374805798,50.505349698112
2001-07-01,20.33135976482258,-5.521070956207107,22.33234362869452,51.674507045800425
2001-07-02,22.06269690916849,-6.373009077908149,22.35969434956538,51.446939316039526
2001-07-03,22.358047163418803,-6.53848758992147,20.8922982097441,52.10070123844298
2001-07-04,24.05895480878638,-7.489297266355077,21.331188796972498,54.11696608623534
2001-07-05,21.87996235722656,-8.19632222117971,21.25442321304135,55.48314169846396
2001-07-06,21.906711444763445,-6.663525487167895,21.86848857009439,56.71520253131433
2001-07-07,21.333503155427728,-8.0182533433669,21.407830122158042,57.55089553825911
2001-07-08,20.160360743012163,-8.383217425229176,21.828788625387038,57.13769811643324
2001-07-09,18.698563966716993,-10.455461854532482,21.14920296508457,56.05452482424164
2001-07-10,18.40002864933939,-9.64516332655353,21.792705473815783,55.99650205420596
2001-07-11,17.092083221370757,-9.829167596711967,21.513040139407636,54.87087356116118
2001-07-12,17.00983825194538,-8.582518547303627,21.524719788421653,56.721135123868564
2001-07-13,16.594601544761982,-9.28919531481708,22.64424918210322,54.92003642215457
2001-07-14,16.893336872034354,-9.24282339873045,21.02458350174782,55.542446593963064
2001-07-15,17.28503451743888,-10.524650843872386,21.484302161505212,55.87852405157565
2001-07-16,17.82786050886931,-9.510207230074263,21.56409368192062,55.98733088850162
2001-07-17,17.134066667309526,-9.678631304764886,20.402504827978355,56.43906152657999
2001-07-18,17.753229113917822,-9.407538336871973,20.950843277733608,57.39055059873539
2001-07-19,18.11140022438294,-9.531583909200863,23.028153458221595,55.721025157378
2001-07-20,19.122092462752466,-8.726642789161168,22.725967790304047,55.957188402711154
2001-07-21,19.205162620691887,-7.799313126625038,21.0259183322923,54.31315700765161
2001-07-22,19.27750548248687,-10.075961742990883,21.865265958530962,53.92990312218967
2001-07-23,18.57064477464704,-10.20478802677287,23.140700515498207,55.80133734068339
2001-07-24,17.489124394806083,-11.442376102242143,23.53871614549662,54.048784541185796
2001-07-25,16.74462393482004,-9.928813429063515,23.842855012087362,53.522031432855
2001-07-26,16.00584761180417,-8.969400269792926,22.79655894055938,51.388979636486965
2001-07-27,15.046496081176358,-9.263024816624787,21.71424833623624,52.95611620849444
2001-07-28,15.325917017277717,-7.599122118144537,20.634140989474112,51.715594135985874
2001-07-29,16.029362549919355,-7.612272811475636,20.660949848748395,51.196576550483094
2001-07-30,16.431257406121304,-7.941863538287494,21.201672349144392,51.98690042597182
2001-07-31,16.624178508354166,-7.477015195270809,20.968001677284462,51.7836378241584
2001-08-01,16.899044182593645,-7.578785864307621,21.667218460409003,50.9857339861087
2001-08-02,16.160699269101755,-8.796747652144973,21.871747277236576,50.2338794113079
2001-08-03,17.340049129184806,-6.381353301517671,23.422875735566237,48.591256299640165
2001-08-04,15.695535130491567,-5.889531197381525,22.961291965896226,48.20601279353526
2001-08-05,15.672894507664662,-4.646355408716293,23.159416172424976,47.498202700642764
2001-08-06,17.003880143745583,-4.401230210487954,23.617155531904842,46.16227675107249
2001-08-07,18.949167667956615,-6.170672672678303,25.080493834055154,47.708563543140514
2001-08-08,17.69591973552967,-6.735383374992013,23.291973444200323,45.47274196990698
2001-08-09,18.38522008129628,-8.541632784091284,23.422080407298207,45.5244859577449
2001-08-10,18.66702942627277,-9.700748313565596,23.368768199032857,45.72872140638369
2001-08-11,19.557350118589596,-8.91087220425099,24.818214083142355,45.43294866848868
2001-08-12,18.608368878392945,-9.24359178757497,24.802057655641637,47.79157095692706
2001-08-13,17.790540676256406,-9.322359202304725,23.748173753338826,47.270713866598484
2001-08-14,18.343239467396824,-9.171285579689513,24.75400698598225,46.969911414427806
2001-08-15,20.971072913503495,-10.148616507032,25.116415403373303,45.55318327389012
2001-08-16,21.820232341935807,-11.109294636999499,23.776782544502993,46.35293733111669
2001-08-17,21.637165351039716,-11.573280249768086,23.014723530468142,47.6583364274551
2001-08-18,21.561862352823336,-12.891123069912183,24.083285280521565,47.3757515032554
2001-08-19,21.36821305659138,-13.285348452040578,23.410375429610095,47.8176628412988
2001-08-20,19.7072653421466,-14.787811200635709,22.21720023642888,49.3076350618064
2001-08-21,20.768893733755625,-15.664863392230432,22.836891087850642,48.78595500067259
2001-08-22,21.412901267579574,-15.87554334159085,21.66419982078534,49.13944746544007
2001-08-23,20.829820410797637,-15.344421818057716,23.257461794158537,49.033607203595096
2001-08-24,21.79169158242382,-14.67531282321047,24.339498554701173,48.57059566484621
2001-08-25,19.47837692869275,-14.819285127777036,24.109965205520115,48.465192367222905
2001-08-26,19.562344603772136,-15.173728710870321,24.570914346157135,47.4553121257332
2001-08-27,20.202466145059756,-14.180192754736748,25.536979944999036,46.54646289872987
2001-08-28,19.859987537525047,-15.695520516343292,27.04559710266285,45.56154384719201
2001-08-29,21.410818900914222,-16.372783186196507,26.955778500212848,45.45822446594405
2001-08-30,21.85140469974169,-16.509040496588522,27.964561303462126,45.74332203951511
2001-08-31,22.615766018033607,-18.47323789186701,26.71466386609707,44.744037386936014
2001-09-01,23.890175038521473,-17.604560513651666,27.917831362101307,43.905650666606
2001-09-02,23.26581120390267,-18.120922498603313,29.18415135050961,42.73080076654171
2001-09-03,23.172693939156943,-17.953016154334428,28.32841069405499,43.106197972722775
2001-09-04,23.358937173775423,-18.834552584695697,27.557359910592776,44.72981903908875
2001-09-05,22.013042111698233,-19.926127777506387,29.875898760703482,45.10684253184331
2001-09-06,20.283952979303994,-20.39571148628927,30.360613729279585,44.82412920898293
2001-09-07,20.896982840281584,-18.21289850741915,31.70561599628703,44.56681466202976
2001-09-08,20.708560558527324,-18.424644226782178,31.895790612645335,44.90597082874514
2001-09-09,22.122173379449602,-17.08590711566401,31.927899500972384,45.93457602657698
2001-09-10,23.18907784818151,-19.47508638631928,30.997365666085177,44.8892227519772
2001-09-11,22.338308199754707,-19.968195268629323,31.406238614198926,43.05603032098785
2001-09-12,22.65144694187431,-21.06292765555902,31.975041496187256,43.708584236093294
2001-09-13,20.707947942656144,-21.26311914694859,31.27685362982533,43.64244229979445
2001-09-14,21.564859745783426,-23.48448487349401,32.1445557408029,43.08176240364893
2001-09-15,20.742278346960745,-22.54066912563473,30.78504989663705,43.07565855436569
2001-09-16,21.85212571423709,-23.084799720176594,32.1190077835405,42.93797972368567
2001-09-17,23.04593751446896,-22.22841157707853,31.821067139944105,42.86680300077653
2001-09-18,23.936162362068927,-21.691420181289267,33.28267985010992,43.35579299249132
2001-09-19,23.992855997997328,-23.1002723547221,32.19548206159163,42.47876024390359
2001-09-20,24.15750269927761,-23.156595898183006,31.699654961905427,43.016481755574304
2001-09-21,24.74323213523404,-22.620798677951825,32.787053362980195,42.507121209033556
2001-09-22,22.792583550601826,-22.607908109135266,33.427741539073885,41.88890398129162
2001-09-23,24.606347430443403,-22.68286474860751,31.28973732981084,39.870447496281315
2001-09-24,22.4841590740821,-22.450191347845358,30.53601508612396,38.72545812156699
2001-09-25,21.40354184007324,-21.62275978747546,31.639196515836833,38.016772072785166
2001-09-26,22.428253898267354,-22.656416773448793,30.831510348948097,38.18362255204131
2001-09-27,22.43327673245029,-22.817138168577568,32.61278045988826,37.69287883555167
2001-09-28,21.46491674437323,-21.326898531619356,33.4683011312568,37.89173073983026
2001-09-29,22.629933221373108,-22.46961910808279,34.18045310745056,36.956783663419436
2001-09-30,22.11269588780306,-23.069771773726213,34.40042052766253,36.72815117435249
2001-10-01,22.055308776990653,-22.78567479981331,32.43731223068063,38.448899062512716
2001-10-02,21.226926326449025,-22.990909354150645,33.66089644793008,37.870127082869615
2001-10-03,21.280781294063278,-22.12407680684566,31.69774925226961,37.99117236226389
2001-10-04,20.958743046384647,-20.959560234969082,32.03292632958651,36.734814654050055
2001-10-05,21.784969264075333,-21.00887778688285,32.630074248587135,35.817701759203445
2001-10-06,19.824112916535938,-22.287212876058604,30.901598599446345,36.08154809827344
2001-10-07,20.65471088136202,-22.95210628269092,31.75233476986688,35.03557400146046
2001-10-08,19.878782764569284,-22.77726134212168,31.570395977081713,37.130308513047886
2001-10-09,19.268888570163913,-22.681272682329823,30.393111769392434,38.15778160116776
2001-10-10,19.99535697561696,-22.098102114005762,30.185367097098407,36.59778834963714
2001-10-11,19.24829418736141,-22.074293395629127,29.853024841361908,36.32860309218954
2001-10-12,20.110568082389797,-22.226128442202384,30.105778260188437,36.89741531624584
2001-10-13,19.589539776058515,-23.350962465936846,29.125413878369,36.133390826747295
2001-10-14,19.522418755629406,-23.415831080320405,27.00040995159952,36.44128596480161
2001-10-15,19.569900047583026,-24.86387027435845,24.73580535210985,35.721879266932724
2001-10-16,20.364053815340213,-24.80801232470306,25.426757772317206,35.7326551921736
2001-10-17,20.9458271777479,-25.12594420557908,25.547676128300964,34.32276708810958
2001-10-18,19.980769695611873,-26.26288696879334,24.110630064744278,34.363741304214926
2001-10-19,20.16357098842503,-23.72056343901204,25.46887841392094,33.756766570535135
2001-10-20,20.032198636719578,-24.45975832429544,26.08813213541706,33.21415909550085
2001-10-21,21.00044369117347,-24.776167286011884,27.442154117909617,31.862977711796088
2001-10-22,19.542269797218154,-24.293402438305254,27.284103249084374,30.470392391242207
2001-10-23,20.72952764764149,-24.328594877834544,27.24259318792663,30.540026342555432
2001-10-24,21.3954875646486,-24.189112520522045,25.894177688421436,32.13483885551955
2001-10-25,20.021857725624514,-23.93228807874231,25.34680867359304,30.94479581325086
2001-10-26,18.87801197425139,-24.716422087244165,25.10816350418469,30.54747576612237
2001-10-27,18.924189778512428,-24.649043275722253,24.791009262107934,30.91009370588245
2001-10-28,18.41360657309308,-24.022976646837336,26.012162834266277,30.35391302922663
2001-10-29,16.76239656994896,-23.07716721449037,25.07594334080236,30.303905808349082
2001-10-30,17.874477090379354,-22.85306917335089,25.431820307611748,29.94163721903998
2001-10-31,16.71759547499708,-21.668383729857705,26.895793589769553,31.067925598347916
2001-11-01,17.457620652001655,-21.545510532266142,26.429676518530336,32.39689731482743
2001-11-02,17.599597787286832,-21.557933362793463,27.11838618599894,32.77644829444962
2001-11-03,18.499602140478906,-20.99301707764782,26.497786418941537,30.846315540595263
2001-11-04,20.033007020620115,-21.339131656587476,25.6641513468205,29.15765663665357
2001-11-05,17.89618310779355,-20.249177009746344,25.991082888607583,30.160968005876178
2001-11-06,17.02608627380217,-19.18058382011123,27.097061265499384,31.53191234610464
2001-11-07,18.600038108001456,-19.92666481869388,25.995025309824907,31.898594985468836
2001-11-08,17.586964095701614,-20.074655021087985,26.401476660699544,30.735644451390478
2001-11-09,17.769581240692798,-20.108515621568948,25.11377557245428,31.527612474388537
2001-11-10,18.490236481307033,-22.541681290312244,25.200560069416152,31.61454657372534
2001-11-11,18.417871570660846,-22.89452417589831,23.683733239456473,30.842248512449736
2001-11-12,17.28534114542279,-23.722475182288584,23.676299558902414,31.273066715397498
2001-11-13,14.662455354791092,-23.452961908758553,22.887800770438886,31.221932222252068
2001-11-14,15.737970496829446,-23.426762050627836,24.46451158567681,31.524905767059423
2001-11-15,18.75188109991631,-23.561019021837637,25.53304959673395,30.867342814852023
2001-11-16,17.475187166373026,-22.526961060739858,24.505780075562285,31.40864184428997
2001-11-17,18.85797362946931,-22.90058152364383,23.457916057077718,34.58640531172621
2001-11-18,18.82664947931786,-22.39424430577591,23.51067394073194,35.63758893503634
2001-11-19,19.53666564548077,-23.943414440812607,25.5144666514764,36.79985425972601
2001-11-20,20.61278106354944,-23.914368935782864,25.81527583308665,37.378599285540886
2001-11-21,21.80217543594358,-21.228497004258635,26.37103344975759,38.1445623951196
2001-11-22,22.10523244052312,-22.766082031872866,26.802063653550658,37.29397208935513
2001-11-23,22.034332600067483,-23.164915299063153,28.67812150207124,39.40125802385493
2001-11-24,20.766843239560348,-22.464295515201236,28.531129909980425,38.583714355431226
2001-11-25,20.6815625258126,-22.287132743182354,28.531093553464025,36.536265170467786
2001-11-26,21.454875024408448,-22.628691731746617,26.28975195078298,36.10193684246105
2001-11-27,20.93417880030206,-23.744122834543994,27.496763871535425,36.279744772860894
2001-11-28,21.1756614225691,-24.671108640272177,27.026117010320977,37.56527263193855
2001-11-29,22.509636174884808,-25.51460212464513,27.670371976295044,37.86683932227494
2001-11-30,23.35937661911689,-27.481469709941994,27.816212760627486,38.987346753622866
2001-12-01,22.861730682383097,-28.344281920247454,26.713579599975095,38.57571784250687
2001-12-02,23.26176890830269,-29.368521957731,27.453673432314478,37.786417076555786
2001-12-03,23.95127877756375,-28.82169935294716,26.820786590791073,37.329203018510775
2001-12-04,21.882138123791457,-28.102478642692223,25.917215601802067,38.188440180517446
2001-12-05,23.404215508108756,-29.353432854750665,26.179279378858975,36.93201733524358
2001-12-06,22.564184467019683,-29.285814593435624,26.10145982231395,36.18625559361382
2001-12-07,22.109096954330685,-27.93978517788573,26.167926355773034,35.46271064794682
2001-12-08,21.530121959010277,-26.370065304339587,25.77533963953873,35.06231821266705
2001-12-09,21.646728883139367,-25.905108901579705,26.43445152051647,35.792016941693824
2001-12-10,21.983941850679347,-24.94065945806566,26.606150770448153,34.686306007858725
2001-12-11,22.164460782018164,-24.049487533783946,27.388991762096733,35.343395657937705
2001-12-12,22.031541140968844,-23.66941924969444,26.411414101740284,34.83605983552574
2001-12-13,22.883315369507933,-23.35643297478837,25.928158810313064,35.48881308445304
2001-12-14,21.7156779374161,-22.04531717871844,24.736243775216565,36.42358577533402
2001-12-15,20.20962739434505,-23.9183523454012,22.047850818766747,36.90063469008655
2001-12-16,20.593739384928696,-24.000349479321184,21.931451594627813,36.445406324704535
2001-12-17,20.54833691882731,-25.1965521001503,21.90665454386961,36.46963902714473
2001-12-18,21.596754693126893,-23.787543855420786,20.998807102486076,37.696927761305666
2001-12-19,21.979066476291887,-23.390629545069963,20.759812750016284,38.98644596126686
2001-12-20,22.34983190027461,-23.073759603893638,19.131731364602338,40.942720072048544
2001-12-21,22.699225417128186,-23.32903537811634,21.30544545074405,41.15428669876075
2001-12-22,22.78008018413173,-20.617925946373774,18.93975601814835,42.32947058055241
2001-12-23,22.061077948928805,-22.499511157193123,19.86220044919963,41.84074932331276
2001-12-24,23.567029273307487,-22.264849169373342,21.301222267256605,41.462334895405874
2001-12-25,23.463596726481477,-21.79945678786307,23.093400898840013,41.354200027383534
2001-12-26,24.290332888894675,-20.74086629218956,23.072643055964534,42.96533848438347
2001-12-27,23.25930985201476,-21.195617154330087,24.83557452551125,42.477972125066074
2001-12-28,24.336504990113873,-23.28846215833794,24.366588929764678,44.47775532965423
2001-12-29,24.57003591747359,-22.461255161242395,22.79162106784431,45.005402192859684
2001-12-30,25.344463544742876,-21.873291414141274,22.97200848536299,46.94178892389019
2001-12-31,24.817299498280132,-20.63282987558617,23.774344638380114,48.15931396112954
2002-01-01,22.239724537795542,-22.1042810610808,23.629430736988237,47.825418125324894
2002-01-02,22.439613947943478,-22.554017159520388,23.16753140083913,46.265225827272296
2002-01-03,23.17628539812163,-22.40212122586089,23.391190285237226,45.1967204575126
2002-01-04,22.33885119923772,-22.06930128132745,23.837440469477556,44.47933134653413
2002-01-05,22.32589625476484,-21.949098434665075,23.70786809958786,44.43793339977798
2002-01-06,21.99117300586787,-20.33607539907765,24.155894372917533,44.19858859388319
2002-01-07,19.895525514883605,-18.704062180053324,25.609239225458357,45.52491880456555
2002-01-08,19.499472027700097,-18.63563827768978,28.359785577747953,44.604204531492314
2002-01-09,21.082983223362838,-18.140361261104463,29.29999141596583,42.994936678771516
2002-01-10,20.923874681243294,-19.043262034690862,29.298976109675923,42.08665423907569
2002-01-11,20.390669893248415,-19.76118666772603,28.664113136257008,42.010441289465355
2002-01-12,21.23640558595649,-18.822989013152473,29.973543823728885,42.38363114482043
2002-01-13,20.610717294416663,-20.027505933956785,30.982304546531147,43.16450445695189
2002-01-14,20.472065832941276,-21.298573923080287,30.105940491004365,46.31368430684851
2002-01-15,21.79674423329182,-20.237826174114737,30.278194067617925,44.71233191827919
2002-01-16,22.03879045481661,-19.575256996870046,30.01588654992137,43.87780360706532
2002-01-17,22.202134950524677,-19.151329718498122,30.0469140577404,45.19301410848254
2002-01-18,22.64089743683592,-18.298666296039134,29.585326924671328,43.54460406440023
2002-01-19,21.110901625407738,-19.386442772908094,26.991660059744362,44.38470889856333
2002-01-20,20.78828689984631,-19.56646348383297,27.402913563458615,43.41636450821589
2002-01-21,21.52133637973746,-21.07206595545251,28.208454014389112,43.298611552146035
2002-01-22,22.071022974213736,-21.47597446078595,28.35490468133987,42.725570997780245
2002-01-23,22.932701779390566,-21.077550736247456,28.884055928985703,43.2911278426439
2002-01-24,21.485109382789528,-21.398362172334057,29.138031300532468,42.5176778529254
2002-01-25,21.35903278240254,-22.96506635037714,29.20123265426793,41.631557701847825
2002-01-26,21.752007286805714,-21.800847355103958,28.975793660646744,41.860715709905016
2002-01-27,21.37972204242683,-20.388891164445944,29.35773749140293,42.7935617116132
2002-01-28,22.918689496190282,-20.274308803566722,28.906333150155135,43.495493551955576
2002-01-29,22.013211422501143,-22.16359262991647,28.865097315016772,42.29430980047446
2002-01-30,22.96916823824266,-23.353364121216117,29.026041816027007,45.22333865368322
2002-01-31,21.96058028511201,-22.23501751283113,29.950230696904672,43.65441805323165
2002-02-01,23.26027394281894,-22.84424660725465,31.158107171760744,43.63734868515944
2002-02-02,21.316157993262024,-24.056745474800124,30.94469832021018,44.02473717900242
2002-02-03,20.731952483153705,-24.308881245931868,29.759510343233323,44.883536937531105
2002-02-04,21.476693578249026,-24.29722021619503,29.35643267631866,45.42651663166594
2002-02-05,20.80468278306526,-25.352044387669082,28.185323815866997,47.09438433848888
2002-02-06,21.63114486276149,-26.225952769307003,29.1218844728256,48.71763567796802
2002-02-07,20.23428705795185,-23.747034086309398,29.174090485375284,48.741017456775765
2002-02-08,18.50434315085041,-22.072940161118648,31.017820780002367,49.39844867657813
2002-02-09,19.488242098596885,-21.915623704735584,30.895695054313457,49.65682711850303
2002-02-10,18.976805340373524,-22.150642193221717,29.858372869582674,49.86890928590743
2002-02-11,18.85864849362105,-21.11651086717819,28.00963836137393,49.868551378061255
2002-02-12,20.364857563513187,-19.93942230906719,27.751279392396928,48.87311464925964
2002-02-13,20.85714234819735,-20.302344393410895,27.545941315944447,49.26129168804299
2002-02-14,21.125987351761072,-22.668170738721457,25.93200836110088,50.99355391270278
2002-02-15,21.859889808254426,-22.132008779234067,25.845253362265503,50.54104299492588
2002-02-16,20.45639134114359,-21.59227159756722,26.90215795181091,49.275280182969645
2002-02-17,21.508386593944827,-21.740538249856705,25.564521466452575,49.86894731141202
2002-02-18,21.599257335995077,-23.737841343643435,26.457210198544754,51.30391177976661
2002-02-19,19.877299675088214,-24.338849907629044,25.14438006144399,51.51783569331734
2002-02-20,19.457356747020008,-24.264297746823168,24.896850471471318,51.76740903571794
2002-02-21,19.84196518101453,-23.528938540454334,24.10529316799984,51.12784012505936
2002-02-22,19.00869500309391,-23.47968281198171,26.065887849431025,50.57870882016637
2002-02-23,17.762438085388922,-23.952853492478955,27.409960314252938,52.8817782085604
2002-02-24,18.243346389773578,-24.912450061678182,27.409285266654358,54.26417821239293
2002-02-25,17.72138491330211,-26.510855424152147,27.098788703211348,55.13726607448064
2002-02-26,17.926810474722117,-26.969059474310814,28.58205571066232,54.40691566680929
2002-02-27,20.197630423617895,-27.447655805091642,28.018206415712047,54.87547141902455
2002-02-28,19.649460708930615,-28.392519765642405,28.93282723323026,55.26761813338012
2002-03-01,20.376773330957707,-26.019445897288595,32.30289290378553,56.52312807899269
2002-03-02,19.488501520606885,-26.051342656408526,32.47800658037788,56.26531321546108
2002-03-03,20.943537032851957,-25.939414829546482,32.84765174113649,56.773203258622246
2002-03-04,22.396613821628424,-26.303139485366863,31.53181823287523,55.79756256114311
2002-03-05,23.323793823934405,-26.690975502461143,32.44577746422896,57.19663865153574
2002-03-06,24.036277795468656,-28.18530465545764,32.32397373613946,57.390906918352776
2002-03-07,24.74784662192592,-28.51947490919027,31.426360822742986,58.58996449093567
2002-03-08,25.873945681095286,-28.51319914723287,32.80652134041089,58.986781926788765
2002-03-09,25.599478179465113,-28.834374593171788,32.73902155763985,58.697575466875975
2002-03-10,26.275294075161693,-28.540687815767566,33.462103786386976,60.32603945251394
2002-03-11,28.01654786380164,-28.20912326532943,33.09345140090028,58.916474916812824
2002-03-12,29.57303199005882,-28.29678502175153,33.096354804162246,59.66380386560184
2002-03-13,29.34540191676798,-27.474226246885483,34.224918463293236,58.71127932500761
2002-03-14,30.336371537005768,-27.589080248309262,35.9792108489243,60.67972184458941
2002-03-15,31.06150881417143,-27.609774345732568,36.449229032181876,60.99410907475766
2002-03-16,31.968763690570942,-26.61397521363499,34.911602773374554,61.025953681436526
2002-03-17,33.45776547654428,-28.583507593628774,34.07230445367705,63.79097620227393
2002-03-18,32.20851843710159,-28.5723234630262,32.991243256896965,64.7119078197014
2002-03-19,31.462787424265397,-31.441527109493965,32.95597202346367,65.60625612722362
2002-03-20,31.37721960821611,-31.677580654675044,32.79108710722117,65.15655461488149
2002-03-21,31.324643101514415,-31.314883668063917,33.6479149304055,64.46836558658441
2002-03-22,31.74888296897009,-31.79603328294691,33.89444742098526,65.64253846861463
2002-03-23,30.773733222948582,-31.30326361775142,35.1548894036267,64.10742501768883
2002-03-24,30.41308665039152,-31.66362192506313,37.02326822513991,64.54253666018319
2002-03-25,31.699412177716546,-33.818883139633535,36.87288426174369,64.5123095140821
2002-03-26,31.194760863764287,-33.30262159383456,35.05503510790326,63.825397584071965
2002-03-27,31.265584508373216,-34.271292648697525,34.43786937067826,63.807244819111446
2002-03-28,32.164778016852736,-36.63653061317125,35.23175102625817,63.22051540561712
2002-03-29,31.14947230428499,-40.10913433271402,34.8803875322266,63.191108499538366
2002-03-30,30.276358091709426,-40.7023811713377,34.34551256578288,62.09517336970831
2002-03-31,29.50274001954537,-41.37323010521873,34.35897250408906,61.0112143040828
2002-04-01,31.148667614728417,-41.021467091645306,34.78296981628508,60.859950305499524
2002-04-02,32.07389892587732,-41.562112678794776,34.21190587033889,60.008963754629775
2002-04-03,32.57303077774877,-41.128071512467116,34.75942890844971,61.31236948348606
2002-04-04,33.25801986639344,-41.05135000375238,36.021203771286956,61.19232073287382
2002-04-05,33.28093192803058,-41.849954417631274,35.48395825806803,60.70623287745922
2002-04-06,32.80316660052229,-42.01469121158711,35.414263200308135,61.28018885296374
2002-04-07,34.42133344657697,-41.279191158811685,33.3300597903802,60.24467322019239
2002-04-08,34.37302022820005,-40.79308341029287,32.74193265176234,60.20552777905023
2002-04-09,33.39573866134475,-40.12275561850013,32.78659557112292,60.80268754390929
2002-04-10,34.21495591366258,-42.298301604274556,32.9240758286287,61.32807971535955
2002-04-11,32.95828251582332,-41.86340510728879,32.49355368785883,61.404751809157446
2002-04-12,32.66134490978366,-40.77962912598053,32.597739652934315,62.32034731677881
2002-04-13,32.285471369016186,-39.033223835714715,32.851323931118586,63.71781319781763
2002-04-14,33.270308468823636,-39.516124618613404,32.88591236951875,63.382854143927375
2002-04-15,33.12206101929253,-39.71504273373334,34.2687984396955,63.01567966872017
2002-04-16,32.191037178074865,-39.01759206459426,34.71583575490403,62.02303886676383
2002-04-17,33.08825983743027,-39.300603286933836,34.541494161682735,61.70707519245187
2002-04-18,31.992257032134535,-38.87795974530074,34.66203521963452,60.68834908300244
2002-04-19,32.282180248304584,-40.27737348783708,32.25716519176208,60.72040245526309
2002-04-20,32.78057514406996,-40.26226091148989,31.55715444926654,60.845553543281895
2002-04-21,31.117762719791305,-42.00671131566419,30.82909296202904,60.3827327816035
2002-04-22,30.53314205817878,-41.97868818552944,29.921726692069825,60.56453485158513
2002-04-23,30.4039273152696,-43.86704923388128,29.47431505473677,60.76081834639402
2002-04-24,32.363983661621276,-44.062268869356224,30.1366959442699,61.19263259583855
2002-04-25,32.95802585825716,-43.89096082903076,28.391310407210078,62.0473844364281
2002-04-26,34.483316765755426,-43.0220001581589,29.54696114187004,60.2976157644356
2002-04-27,35.36363411699237,-43.047565002451286,30.63525396596444,59.3535507243618
2002-04-28,36.708627980971855,-43.49225887759647,29.668104286782885,57.95522403370023
2002-04-29,37.570320872974605,-42.10230088277668,29.51562856754059,58.73851274256966
2002-04-30,38.48107743041054,-40.706854390478405,28.59634335576105,58.539697944180105
2002-05-01,39.65141626530718,-41.29921404995552,29.844781650099655,59.29230933820909
2002-05-02,40.08121325360301,-41.164404675790486,30.101179899275316,59.15035982249713
2002-05-03,41.88280770065967,-40.67743992835763,27.39875755990917,58.56965210742797
2002-05-04,42.655500597099355,-39.49394687176093,28.47159386452775,56.55346985488513
2002-05-05,42.35884811411669,-38.7756590438508,27.661830082837973,57.52111485004924
2002-05-06,44.393755285176475,-38.78196458162677,27.23014798954096,56.331149095677375
2002-05-07,45.28683139132245,-39.18011673067496,27.42819545728764,55.70471187498791
2002-05-08,45.99527457991082,-38.00352274527439,27.476810431497107,56.46944447079849
2002-05-09,45.285097141699886,-39.0410476359544,28.468692481835266,56.37431039889488
2002-05-10,44.98550564593169,-40.99829543803253,27.743142943043125,55.992465171832876
2002-05-11,45.14712907393891,-41.29393786852261,26.699860247998323,54.313393648537854
2002-05-12,44.766271640823945,-42.76151497861117,24.703906658747666,53.18196942110188
2002-05-13,43.894296911672576,-43.34257522070749,24.869071967448953,53.45518650055612
2002-05-14,42.81681846914937,-42.62749753985464,24.339998466025204,53.276385276088476
2002-05-15,43.71576790336955,-42.876579297385774,23.562666706576547,52.6578618342796
2002-05-16,44.17037794657063,-43.730049471837354,24.75705201566164,50.12034514093908
2002-05-17,43.79052377750744,-42.925370760405464,25.94450216878994,52.00282603782501
2002-05-18,43.949290262391905,-44.01185721599245,24.54447122510536,50.650479269285505
2002-05-19,44.92167091990721,-44.72173052009421,23.91596255596262,52.08050090656594
2002-05-20,44.62836037473809,-44.64436013488885,24.655209284212578,50.93075613442213
2002-05-21,46.2420290304574,-46.47140659993711,24.702935342929646,50.52956717043056
2002-05-22,47.25448203697041,-46.44208169295371,25.61105673148465,51.70283326749279
2002-05-23,46.302174736654905,-46.873647818471326,25.42945029712228,52.097252879767055
2002-05-24,46.47089574382712,-48.53285257712912,25.487029767746986,52.95237541789292
2002-05-25,47.90360875586416,-48.55240729714662,26.67937430409526,52.18164033759432
2002-05-26,47.95127051847781,-46.844236254234964,27.2351825978542,50.615121837242846
2002-05-27,46.22966433037891,-47.081972590379515,27.972723370792114,50.83018789194031
2002-05-28,46.348830740486314,-44.892897015049485,28.2630902268692,50.494357109753246
2002-05-29,47.35904019766233,-43.70590511987139,28.132452331214765,51.365399144595074
2002-05-30,48.69392144197642,-44.427184643732446,27.611428819515023,51.267523534670985
2002-05-31,48.8538218913257,-43.300910087714406,27.867804331906783,50.99218164500138
2002-06-01,47.50578595256201,-42.518984283057996,26.899281919318334,49.67328768067635
2002-06-02,47.95142634897295,-44.04297637346274,27.96299903865813,49.16417380593922
2002-06-03,46.57038883487861,-44.26331886975346,28.56871277331589,48.32481225177823
2002-06-04,49.53603891852324,-45.49279685893903,28.30157855490803,48.9799542749986
2002-06-05,47.04285560539421,-46.31079005086812,28.295629966412587,49.06139972448399
2002-06-06,46.93354942547181,-46.098629213026605,26.503078028674086,48.37794447078324
2002-06-07,45.20217272286894,-47.444597305195764,25.82036210469574,48.44065019650248
2002-06-08,45.33629668736675,-47.64989955009035,26.70128370058718,47.50751291850109
2002-06-09,45.70367285567186,-47.52565490335412,28.275650821612253,48.131958289833506
2002-06-10,44.596273649777324,-48.538632648318135,28.45639657834264,50.152220591538814
2002-06-11,44.64728708272094,-47.73133326779043,29.34271456150614,49.28331978104557
2002-06-12,43.56525418573032,-45.51394558709012,30.10909953274566,49.56551194860347
2002-06-13,45.16896225703383,-47.460983635658444,31.34455269039549,50.81518628129732
2002-06-14,46.48466879114543,-47.85449940763015,32.40114415442275,50.71325184757725
2002-06-15,45.899441327842524,-47.69138403133787,31.842558634502847,50.0142365154769
2002-06-16,44.92237263832655,-49.39068171781445,31.708007938048773,47.66276143120774
2002-06-17,46.255236967351465,-50.933263945131046,31.235966167413522,48.79476122034585
2002-06-18,44.81017216018548,-51.66909195649546,31.050404696519227,47.515800345296064
2002-06-19,45.43336525298646,-52.89986145708839,31.518408918843225,47.31074469482185
2002-06-20,46.76025470780406,-53.40784658861799,30.255046201674823,47.12056982500935
2002-06-21,47.43225056498477,-55.570712955818664,31.212938376163613,45.93987478950135
2002-06-22,47.41428510051718,-56.76474731190665,32.260093971835694,45.19202682935772
2002-06-23,46.47297689464514,-56.78719406772157,31.090410615890814,43.84078069524517
2002-06-24,45.216988513294375,-57.436522561067406,32.858570158739155,44.261719966145975
2002-06-25,44.72566176390144,-56.41486718790674,31.547372619750462,44.483746934223085
2002-06-26,46.12844827486398,-57.20658823655126,32.12995113502501,44.167264982393895
2002-06-27,47.34410361563952,-58.05589158692169,32.46061984073668,44.94158103375142
2002-06-28,47.60604891356971,-58.33053670146675,32.62428000825986,43.290135187482235
2002-06-29,47.70490279140996,-58.85302892058721,33.28071667714289,41.09178304646567
2002-06-30,46.447694014805926,-60.51810429814511,30.76995279265642,42.2362382541569
2002-07-01,46.66659597836235,-58.198158140201805,29.31376093702977,41.70332461416291
2002-07-02,47.15792350166703,-57.02520079388026,29.906749079938223,42.166305308416035
2002-07-03,45.17851991143977,-56.48730347558078,31.04716889505304,45.65992517220937
2002-07-04,46.434033612329706,-57.74834058184395,30.83655033530768,47.16957543428318
2002-07-05,45.65256337106485,-56.17777084316662,30.9204872189106,46.78842530294569
2002-07-06,45.73476779952866,-54.59679993078581,31.676954550953308,45.461934206577965
2002-07-07,46.63714313400791,-55.858610396736495,32.140243020281254,45.425078386844284
2002-07-08,47.08843234408773,-54.808255881529405,33.32961208359005,43.768469082526074
2002-07-09,47.37663013287043,-54.31006574984112,34.18467114258091,43.75028596243328
2002-07-10,47.22434861676232,-53.98235172249523,32.51782350908223,43.72585838275499
2002-07-11,46.481836297727945,-56.0619360950861,33.04280857356275,43.878435086519595
2002-07-12,48.37069088841753,-56.97395843399426,34.23249219846314,44.89821783942294
2002-07-13,49.35713569261498,-56.084416275032524,34.112235375892,44.77647845836705
2002-07-14,47.25024382588168,-55.144317224838105,34.9980012264844,44.91114933346045
2002-07-15,46.098879279021865,-55.04943078522256,33.137538748902514,46.33301277357309
2002-07-16,45.714771873795854,-55.51292977493776,32.63145774572751,46.405089189483476
2002-07-17,44.68312538503262,-55.79019885445694,31.957466179119084,46.8003158524909
2002-07-18,42.8080226954059,-55.92306772923755,33.12977284065584,46.78178146068263
2002-07-19,44.34889725799313,-56.07566919467014,31.494809596429896,48.825549421840876
2002-07-20,44.68610864677648,-54.58855094029693,33.05028669378855,49.25810987497089
2002-07-21,43.442529408334636,-56.12852195578534,33.482736765381915,47.77035155007576
2002-07-22,44.30313411705548,-58.58787644778424,34.50358499514056,48.210336380257374
2002-07-23,44.99083227788971,-58.996605622629424,35.06892080110027,46.84807710006936
2002-07-24,45.56946536131221,-58.300484032444366,36.29655874142193,46.930196702574
2002-07-25,45.36939203052179,-56.105764866835564,37.6704269469928,46.1220337972233
2002-07-26,46.48942932380194,-54.80537215786259,38.05453793978399,46.466531831899225
2002-07-27,46.36319121959272,-53.49083657982607,38.095241519185336,45.66259208647695
2002-07-28,47.145343183698216,-52.02439693871637,38.24602596759091,46.737257161691524
2002-07-29,45.53089020884126,-51.78108526425671,38.4278309003333,46.60842557127291
2002-07-30,45.589394714201646,-51.43109526376215,38.777445461027824,47.23545267362621
2002-07-31,46.51262648820435,-51.897362347836086,40.29395602845345,47.02388851316612
2002-08-01,45.80317834339466,-52.40726627572888,39.018485410361784,45.40395183658779
2002-08-02,46.17580014571749,-52.33451390626923,38.72010803932674,45.594585551696376
2002-08-03,46.552181669594475,-52.43518536159251,38.0359369181027,45.69670393444584
2002-08-04,47.43587445608944,-54.37368439268919,36.885754386924866,47.870748229897195
2002-08-05,46.994968201157995,-55.53284705673995,36.738929869893745,49.16690582063984
2002-08-06,47.86932487481454,-54.69084943768497,37.313829207670416,49.888804498665586
2002-08-07,47.914668725996826,-54.70493966116989,38.95939903698261,49.93543762518512
2002-08-08,47.85998442344233,-54.63281524944496,39.30387699727822,50.03709956448333
2002-08-09,46.960062786925384,-54.66536889342455,38.72720820897976,50.223990510209674
2002-08-10,45.53393831182156,-55.03502263446401,39.113862863461314,49.27423357784612
2002-08-11,45.253100884897705,-54.94066777073843,39.35590561764112,49.988778021491974
2002-08-12,46.357533209366345,-54.931162456467284,40.11756172751166,48.94533892659969
2002-08-13,46.4428573748499,-55.153457450291526,39.635128445647176,49.00089347724724
2002-08-14,46.10005402043428,-53.915606000505846,37.77679753005326,48.57644376291824
2002-08-15,45.590360644116736,-53.98964945963265,36.81882789976427,48.52378719734769
2002-08-16,46.49067934147981,-55.25555718445921,36.4046648218486,48.778965207877256
2002-08-17,47.594916691954644,-55.32462035154543,37.47869403191499,48.722890881123575
2002-08-18,46.5473616728978,-56.27213408327849,38.97553194412683,50.42508312778249
2002-08-19,46.28772587739376,-56.90001680402637,41.547620861807104,50.078603697557
2002-08-20,46.240230099367075,-55.394577388156954,41.599471578557946,51.53987041904594
2002-08-21,45.782116877985324,-54.97405558607278,40.83937681047619,52.747633089252524
2002-08-22,47.502643248839284,-54.937673312580955,41.4400792134586,53.24039560651119
2002-08-23,48.28249225263457,-54.53067835452182,40.33592812314159,53.67647612661874
2002-08-24,48.65765843660666,-54.458675005205876,39.74617883169836,55.391418385898646
2002-08-25,49.38623882748497,-57.308648355572,41.65718980928831,55.83014938364082
2002-08-26,49.23689578413058,-56.745283251640956,40.516417168482555,55.45946148011259
2002-08-27,49.66358716644702,-56.59840503664521,41.654214985655884,56.12973728448874
2002-08-28,50.594845248534625,-58.74207128652706,41.01464825315406,56.23443935985114
2002-08-29,51.59877592597534,-60.58882055847935,42.276903368785966,55.642434335806044
2002-08-30,51.31295262648495,-60.34084743627103,44.12522330062151,56.60138587032228
2002-08-31,52.95670205830591,-58.00529671444067,45.12674624142275,56.36346703959084
2002-09-01,51.626463072017394,-59.46146929945802,45.10346898632651,55.89728522774775
2002-09-02,51.88560630100597,-60.23483223244943,45.44995333708269,57.33285510898273
2002-09-03,53.236068049371916,-59.265646794895005,45.00105970603927,57.40075095055354
2002-09-04,52.74617498403485,-57.30189497740019,44.060045879889564,59.83832175165031
2002-09-05,50.920393062459624,-57.6585834069781,43.326124935468165,61.167241013616874
2002-09-06,50.59093300427349,-56.55329486608773,44.82054540311025,60.71452070803032
2002-09-07,51.2561683397601,-56.19221635823672,45.65903969468734,60.248289048010925
2002-09-08,52.55304860417324,-56.76754969131507,46.3377481570516,59.01002536474742
2002-09-09,53.42758634974597,-54.919941363463266,44.969084545973224,61.561445597796755
2002-09-10,53.24035379409925,-54.2349080169758,44.92461523121338,63.12094357676386
2002-09-11,53.638896062656286,-54.09182492380867,43.81023991780271,62.84689970001447
2002-09-12,53.34526411778836,-54.585282103809156,43.508421753679464,64.36002120382706
2002-09-13,54.598721263305514,-54.37624455881866,43.07484947355658,62.96835459835774
2002-09-14,53.58005298505971,-55.478125327635915,43.33679856435511,62.27930794374814
2002-09-15,53.20325036495305,-57.99765890585444,43.82064540034228,62.90487700707563
2002-09-16,52.705492242006486,-54.98390317906571,45.11302236900256,64.35681662436428
2002-09-17,54.41221445439183,-55.6079847672573,45.25024231873438,64.99228015772476
2002-09-18,53.21424895365856,-56.884763985333045,45.613181930889375,64.26877924151422
2002-09-19,52.74997893712271,-57.37578346127224,45.16048276167037,63.571168857568
2002-09-20,51.62687345314837,-56.832370201808686,45.57482449156597,64.64467735188018
2002-09-21,51.55102083965367,-58.53415907638917,44.09912665574761,63.62856716653182
2002-09-22,51.288064858666495,-58.952593969161185,44.324959101881475,63.49818364476415
2002-09-23,49.72043384833819,-60.12290933265179,43.69892658949898,63.80845670712741
2002-09-24,50.1808325865237,-60.28779658502532,44.66494805033853,62.749114039099794
2002-09-25,51.226870802095256,-59.6875984356245,44.46261428426771,62.97642689015479
2002-09-26,50.13821270377324,-60.42825918075741,45.17850124560427,63.21128215510917
